role,skills
administrative assistant,"calendar management travel coordination meeting scheduling correspondence and communication office organization confidentiality time management problem-solving attention to detail communication skills technology proficiency (e.g., ms office), data entry accuracy and speed database software (e.g., microsoft access, excel) attention to detail time management organization multitasking keyboarding skills data verification problem-solving communication skills computer proficiency"
architect,"sustainable design principles energy efficiency leed certification green building materials environmental impact assessment, architectural project management construction documents building systems design coordination client communication, architectural design software (e.g., autocad, revit) building codes and regulations 3d modeling visualization sustainable design"
back-end developer,"server-side programming languages (e.g., java, python) database management api development, api design and development restful api knowledge security protocols (oauth, jwt)"
brand manager,"marketing analytics data analysis tools (e.g., google analytics, adobe analytics) brand performance measurement consumer behavior analysis campaign effectiveness evaluation, product branding and marketing product lifecycle management cross-functional team collaboration product launch planning market segmentation and targeting, brand strategy development market research and analysis competitive analysis brand positioning and messaging creative direction and collaboration"
civil engineer,"water resources engineering hydrology and hydraulics environmental impact assessment water resource modeling software watershed management, structural engineering principles structural analysis and design software (e.g., autocad, sap2000) building codes and standards project management structural integrity assessment, transportation engineering traffic analysis and planning civil engineering software (e.g., microstation, autocad civil 3d) roadway design public transportation knowledge"
customer support specialist,"customer relationship management onboarding and training customer feedback analysis retention strategies cross-selling and upselling strong communication and empathy customer advocacy, help desk support ticket resolution it troubleshooting customer service skills technical knowledge documentation and knowledge base maintenance communication and interpersonal skills, technical troubleshooting customer support tools (e.g., zendesk, freshdesk) communication skills problem-solving and critical thinking ticket management knowledge base creation"
data analyst,"machine learning algorithms and libraries (e.g., scikit-learn, tensorflow, pytorch) statistical analysis and modeling data preprocessing and cleaning big data technologies (e.g., hadoop, spark) data visualization strong programming skills (python, data analysis and visualization tools (e.g., tableau, power bi) sql and database querying business intelligence concepts data modeling and reporting strong analytical and problem-solving skills data-driven decision-making, data quality assessment and improvement data profiling and validation knowledge of data quality tools (e.g., informatica, talend) data governance principles sql for data analysis attention to detail and data accuracy"
data engineer,"data architecture design database management systems data modeling, big data technologies (hadoop, spark, etc.) data processing and analysis distributed computing, etl (extract, transform, load) processes data integration sql and scripting languages"
data scientist,"data integration etl (extract, transform, load) big data technologies (e.g., hadoop, spark) database management data warehousing, machine learning algorithms python programming data preprocessing deep learning model evaluation"
database administrator,"database design and development sql and database querying data modeling programming languages (e.g., java, python) data security and privacy regulations knowledge, database security measures data encryption and access control security compliance vulnerability assessment database auditing and monitoring, data analysis database querying and reporting data visualization sql proficiency data quality assurance"
digital marketing specialist,"social media platforms (e.g., facebook, twitter, instagram) content creation and scheduling social media analytics and insights community engagement paid social advertising, search engine algorithms and ranking factors keyword research and analysis on-page and off-page seo optimization seo tools (e.g., google analytics, semrush) seo content strategy, email marketing platforms (e.g., mailchimp, constant contact) email campaign creation and segmentation a/b testing and optimization email deliverability and compliance metrics tracking and analysis"
email marketing specialist,"marketing automation platforms (e.g., marketo, pardot) lead nurturing workflow automation crm integration analytics and reporting email marketing campaign optimization marketing strategy communication skills problem-solving attention to detail, email marketing strategies email marketing platforms (e.g., mailchimp, hubspot) audience segmentation a/b testing campaign analytics copywriting html/css for email marketing automation communication skills data analysis attention to detail, email deliverability best practices spam filter testing list hygiene blacklist monitoring email authentication (e.g., spf, dkim) deliverability metrics analysis troubleshooting deliverability issues communication skills data analysis attention to detail"
financial controller,"accounting financial reporting financial audits tax compliance accounting software (e.g., sap, oracle) gaap (generally accepted accounting principles), financial management budgeting financial analysis financial reporting risk management financial software (e.g., excel, quickbooks) strategic planning"
front-end developer,"web accessibility standards (e.g., wcag) assistive technologies accessibility testing tools html and css for accessibility aria (accessible rich internet applications) user experience (ux) for accessibility usability testing with individuals with disabilities collaboration attention to detail, user interface (ui) design user experience (ux) design web design principles prototyping and wireframing front-end development languages (e.g., html, css, javascript) interaction design user testing responsive design usability testing collaboration attention to detail, web design concepts graphic design software (e.g., adobe creative suite) html and css responsive design user interface (ui) principles visual communication typography color theory creativity attention to detail collaboration"
graphic designer,"user interface (ui) design user experience (ux) design wireframing and prototyping tools (e.g., sketch, figma) usability testing information architecture interaction design mobile and responsive design, graphic design tools (e.g., adobe creative suite) web design principles user interface (ui) design visual communication typography creativity and artistic skills, print design software (e.g., adobe indesign, illustrator) layout and composition print production processes color theory and management attention to detail print industry knowledge"
interior designer,"hospitality interior design hotel and restaurant design branding and theme integration ff&e (furniture, fixtures, and equipment) selection customer experience design, commercial interior design workplace ergonomics building codes and regulations knowledge sustainable design principles autocad and revit proficiency, residential interior design space planning color theory and selection furniture and materials selection 3d modeling and rendering"
it manager,"network administration system administration virtualization technologies (e.g., vmware, hyper-v) storage management it security disaster recovery planning capacity planning monitoring and troubleshooting cloud infrastructure (e.g., aws, azure) vendor management, strategic it planning leadership and management budgeting and financial management it governance and compliance vendor management cybersecurity and risk management project management cloud computing network infrastructure enterprise software systems"
it support specialist,"desktop hardware and software troubleshooting operating system expertise (e.g., windows, macos) remote desktop support hardware and software upgrades customer service skills, network administration system and server maintenance cybersecurity knowledge backup and recovery it project management skills, technical troubleshooting customer service and communication ticketing system usage basic it knowledge problem-solving and critical-thinking skills"
java developer,"web application development java web frameworks (e.g., servlets, jsp) frontend integration user authentication security protocols code documentation, backend development restful apis database integration java ee (enterprise edition) performance optimization version control (e.g., git), java programming java frameworks (e.g., spring) object-oriented design code debugging software development problem-solving skills"
legal assistant,"legal research document drafting case management e-filing legal databases (e.g., lexisnexis) client communication deposition preparation trial support ethics and confidentiality attention to detail communication skills legal software proficiency, e-discovery tools and processes document review and production litigation support software (e.g., relativity) data analysis case management communication with legal teams technical proficiency attention to detail problem-solving legal research skills, legal administrative tasks document management calendar and docketing transcription file organization communication with clients and courts knowledge of legal terminology attention to detail multitasking computer skills (e.g., ms office)"
marketing analyst,"data analysis tools (e.g., sql, python) data visualization tools (e.g., tableau, power bi) statistical analysis data cleansing and transformation data modeling communication of data insights problem-solving attention to detail business acumen, digital marketing strategies analytics and reporting seo and sem social media marketing email marketing data interpretation marketing automation tools a/b testing communication skills problem-solving attention to detail marketing knowledge"
marketing manager,"product positioning and messaging market research and analysis product launch planning competitive analysis marketing collateral creation pricing strategies cross-functional collaboration, digital marketing strategies seo and sem social media marketing email marketing campaigns content marketing web analytics (e.g., google analytics) marketing automation tools (e.g., hubspot, marketo), brand strategy development brand identity and design brand storytelling marketing campaigns brand performance measurement creative thinking strong communication skills"
mechanical designer,"product design principles prototyping and wireframing user research user testing ui/ux design 3d modeling (if applicable) collaboration problem-solving creativity attention to detail communication skills software proficiency (e.g., sketch, adobe xd), computer-aided design (cad) software technical drawing blueprint interpretation drafting standards engineering principles collaboration with engineers problem-solving attention to detail communication skills 3d modeling (if applicable), hvac system design load calculations energy efficiency autocad or similar software mechanical engineering principles collaboration with architects and engineers regulatory compliance problem-solving attention to detail communication skills"
mechanical engineer,"manufacturing processes knowledge cad/cam software proficiency lean manufacturing principles quality control and assurance six sigma certification, mechanical engineering cad software (e.g., solidworks, autocad) finite element analysis product development prototyping, knowledge of hvac systems and equipment mechanical engineering skills problem-solving abilities autocad proficiency hvac design and installation expertise"
network administrator,"network security protocols intrusion detection and prevention security incident response firewall administration vulnerability assessment security policies and procedures log analysis ethical hacking problem-solving communication skills attention to detail, system administration server maintenance active directory backup and recovery cloud computing (e.g., aws, azure) troubleshooting it security best practices collaboration problem-solving attention to detail communication skills technical knowledge, network infrastructure design routing and switching network protocols (e.g., tcp/ip) cisco or juniper certifications troubleshooting and diagnostics security protocols wireless networking network monitoring collaboration problem-solving attention to detail"
network security specialist,"soc operations security incident response threat detection log analysis security tools (e.g., ids/ips) security alerts triage, cybersecurity security assessments intrusion detection security tools (e.g., siem) incident response vulnerability scanning, security consulting risk assessment security audits security policy development penetration testing client communication"
occupational therapist,"geriatric assessment and evaluation geriatric-specific occupational therapy techniques aging-related conditions (e.g., dementia, arthritis) fall prevention strategies care coordination with healthcare teams assistive technology for seniors patient advocacy empathy and compassion communication skills, pediatric assessment and evaluation occupational therapy techniques for children developmental milestones sensory integration therapy pediatric psychology family-centered care individualized treatment plans communication skills pediatric healthcare knowledge, mental health assessment and evaluation psychotherapy techniques cognitive-behavioral therapy (cbt) trauma-informed care crisis intervention substance abuse treatment group therapy cultural competence ethical standards and boundaries active listening skills"
pediatrician,"pediatric specialization advanced pediatric care pediatric subspecialty (e.g., pediatric cardiology, pediatric oncology) pediatric diagnostics pediatric treatment, pediatrics pediatric care diagnosis and treatment pediatric medical procedures patient care communication skills, pediatric surgery surgical procedures for children operating room protocols patient care surgical techniques pediatric anesthesia"
qa analyst,"software quality assurance test planning test case design test execution defect tracking test automation (e.g., selenium), test automation test framework development continuous integration scripting languages (e.g., python) test reporting code review, performance testing load testing stress testing test scenarios performance monitoring benchmarking performance analysis"
quality assurance analyst,"test automation frameworks and tools scripting and programming languages (e.g., python, java) continuous integration and continuous testing (ci/ct) test script development and maintenance test environment setup and management, quality assurance processes and methodologies quality metrics and kpis audit and compliance team leadership and management continuous improvement initiatives, test planning and strategy test case design and execution defect reporting and tracking test automation tools (e.g., selenium, appium) regression testing"
registered nurse,"clinical nursing specialization (e.g., critical care, oncology) advanced nursing skills patient education, nursing leadership charge nurse responsibilities team coordination, nursing care patient assessment medical knowledge"
research analyst,"market research methodologies data collection and analysis consumer behavior analysis competitor analysis survey design and analysis statistical analysis software (e.g., spss, sas) data visualization trend analysis report writing communication skills attention to detail, data analysis techniques research methodologies data collection and interpretation statistical analysis software (e.g., python) data visualization tools (e.g., tableau, power bi) research report writing critical thinking problem-solving communication skills attention to detail, social science research methods qualitative and quantitative data analysis survey design and implementation ethnographic research interviewing skills research ethics statistical software (e.g., stata, nvivo) report writing communication skills critical thinking empathy"
seo specialist,"content strategy seo content optimization content marketing keyword mapping analytics, search engine optimization keyword research seo tools (e.g., google analytics, semrush) on-page and off-page optimization, technical seo audits website crawl analysis schema markup xml sitemaps canonicalization"
social media coordinator,"content creation (e.g., writing, editing, graphic design, video production) content marketing social media management seo optimization creative storytelling audience engagement analytics and reporting adaptability communication skills creativity"
social media manager,"social media analytics tools (e.g., google analytics, facebook insights) data analysis and reporting social media roi measurement competitive analysis trend identification, community engagement and moderation online community-building strategies content curation and creation crisis management and conflict resolution analytics and reporting, social media marketing strategy development content planning and creation social media advertising and targeting data-driven decision-making social media trends and platform updates"
software architect,"enterprise architecture business strategy alignment it governance and compliance, solution design technical architecture cloud computing and software development knowledge, cloud computing platforms (aws, azure, etc.) cloud security containerization (docker, kubernetes)"
software developer,"mobile app development languages (e.g., java, swift, kotlin) cross-platform development (e.g., react native, flutter) mobile app design principles apis and web services integration debugging and troubleshooting"
software engineer,"python, proficiency in one or more backend programming languages (e.g., java, node.js, ruby) api development database management (sql or nosql) server management and deployment security best practices knowledge of web frameworks (e.g., express, django), proficiency in html, css, and javascript experience with frontend frameworks like react, angular, or vue.js responsive web design cross-browser compatibility version control (e.g., git) frontend performance optimization, automation and scripting (e.g., bash) continuous integration/continuous deployment (ci/cd) containerization (e.g."
software tester,"quality assurance processes testing methodologies (e.g., manual, automated) bug tracking and reporting test case development regression testing, test automation tools (e.g., selenium, appium) scripting languages (e.g., python, java) test framework development continuous integration tools test data management, performance testing methodologies load testing tools (e.g., jmeter) test script development performance profiling and analysis bottleneck identification"
systems administrator,"database management systems (e.g., mysql, oracle, sql server) data security database tuning and optimization backup and recovery, technical troubleshooting hardware and software support customer service problem-solving communication"
ux/ui designer,"interaction design principles user behavior and psychology wireframing and prototyping tools animation and micro-interaction design collaborative design processes, ui design principles and best practices graphic design tools (e.g., adobe photoshop, illustrator) typography and color theory visual design and layout responsive design, user-centered design principles ux/ui design tools (e.g., sketch, adobe xd) wireframing and prototyping usability testing and user research information architecture and user flows"
web developer,"html, css, javascript frontend frameworks (e.g., react, angular) user experience (ux), server-side programming (e.g., node.js, python) database management (e.g., sql, mongodb), frontend and backend development database integration problem-solving api knowledge"
